pdbid,true_value,pred_value,error
4j3l,7.795880017344075,7.795640468597412,0.0002395487466628765
5dwr,11.221848749616356,11.105992317199707,0.11585643241664911
3syr,5.102372908709558,5.231051445007324,0.12867853629776604
3n76,6.853871964321762,7.034835338592529,0.18096337427076747
4mgd,4.69486368105636,4.879204750061035,0.18434106900467473
