drug_id,protein_id,prediction_prob,binary_prediction,true_label
DB00321,P20309,0.7310407757759094,1,1
DB00679,P10632,0.7309578657150269,1,1
DB01337,P20309,0.730914294719696,1,1
DB00572,P05177,0.7309432029724121,1,1
DB00745,P05177,0.7308736443519592,1,1
